"","test_sequences","DeepCas9_HL60_score","DeepCas9_mEL4_score","DeepCas9_293T_score","DeepCas9_score"
"1","CCATGGAGGTCTCGGCCTATGGTTCGGGCG","0.626433491706848","0.214334979653358","0.152391880750656","0.401801306009293"
"2","GCCCGGGGAGGGGGACAGACTCTTTGGTTG","0.768561005592346","0.140318691730499","0.235339418053627","0.482946066558361"
"3","CGCAGGTGCTGCCGGAGAACATCCCGGTGT","0.982174277305603","1.06732189655304","0.976581573486328","0.997525990009308"
"4","TATAGGGCAGTCTGTGCGCGGTGACGGCGC","1.0608696937561","0.476516395807266","0.187873184680939","0.682100081443787"
"5","TGTGGGTGGGACTGAAAGAGGTGGAGGAAC","1.13451337814331","1.08549916744232","0.90588104724884","1.05612083673477"
"6","GTGAGGGGCTGGGGGGTCCACCATAGGGGG","0.872037172317505","0.486830651760101","0.645953178405762","0.727170670032501"
"7","TGATGGAGGAACCGATGGAGGTGGTGGAGG","1.06464099884033","0.798619747161865","0.554387390613556","0.858360666036606"
"8","TGTCGGGTGTACTGGGGGGACAGTGGGCTG","0.841939091682434","0.52448832988739","0.572447955608368","0.697601598501205"
"9","GCCGGGTACCGGGAGCTGCAGCAGCGGGTG","0.856202125549316","0.905502200126648","0.826113939285278","0.857035684585571"
"10","CCCTGGAGGAGACACCACAGACAGTGGAGC","1.23142755031586","1.10872530937195","0.925594568252563","1.11513720750809"
"11","CCACGGGTATGGTGGTGGGCATCGTGGCAG","0.805457353591919","0.678017377853394","0.729975581169128","0.757324826717377"
